[ { "page" : 1,
    "pages" : 1,
    "per_page" : "50",
    "total" : 5
  },
  [ { "country" : { "id" : "NG",
          "value" : "Nigeria"
        },
      "date" : "2007",
      "decimal" : "0",
      "indicator" : { "id" : "SE.PRM.UNER.FE",
          "value" : "Children out of school, primary, female"
        },
      "value" : "4626218"
    },
    { "country" : { "id" : "NG",
          "value" : "Nigeria"
        },
      "date" : "2006",
      "decimal" : "0",
      "indicator" : { "id" : "SE.PRM.UNER.FE",
          "value" : "Children out of school, primary, female"
        },
      "value" : "4094046"
    },
    { "country" : { "id" : "NG",
          "value" : "Nigeria"
        },
      "date" : "2005",
      "decimal" : "0",
      "indicator" : { "id" : "SE.PRM.UNER.FE",
          "value" : "Children out of school, primary, female"
        },
      "value" : "4114492"
    },
    { "country" : { "id" : "NG",
          "value" : "Nigeria"
        },
      "date" : "2004",
      "decimal" : "0",
      "indicator" : { "id" : "SE.PRM.UNER.FE",
          "value" : "Children out of school, primary, female"
        },
      "value" : "4132073"
    },
    { "country" : { "id" : "NG",
          "value" : "Nigeria"
        },
      "date" : "2003",
      "decimal" : "0",
      "indicator" : { "id" : "SE.PRM.UNER.FE",
          "value" : "Children out of school, primary, female"
        },
      "value" : "4217426"
    }
  ]
]