[ { "page" : 1,
    "pages" : 1,
    "per_page" : "50",
    "total" : 5
  },
  [ { "country" : { "id" : "NG",
          "value" : "Nigeria"
        },
      "date" : "2007",
      "decimal" : "0",
      "indicator" : { "id" : "SE.PRM.UNER.MA",
          "value" : "Children out of school, primary, male"
        },
      "value" : "4023402"
    },
    { "country" : { "id" : "NG",
          "value" : "Nigeria"
        },
      "date" : "2006",
      "decimal" : "0",
      "indicator" : { "id" : "SE.PRM.UNER.MA",
          "value" : "Children out of school, primary, male"
        },
      "value" : "3228491"
    },
    { "country" : { "id" : "NG",
          "value" : "Nigeria"
        },
      "date" : "2005",
      "decimal" : "0",
      "indicator" : { "id" : "SE.PRM.UNER.MA",
          "value" : "Children out of school, primary, male"
        },
      "value" : "3153253"
    },
    { "country" : { "id" : "NG",
          "value" : "Nigeria"
        },
      "date" : "2004",
      "decimal" : "0",
      "indicator" : { "id" : "SE.PRM.UNER.MA",
          "value" : "Children out of school, primary, male"
        },
      "value" : "3142132"
    },
    { "country" : { "id" : "NG",
          "value" : "Nigeria"
        },
      "date" : "2003",
      "decimal" : "0",
      "indicator" : { "id" : "SE.PRM.UNER.MA",
          "value" : "Children out of school, primary, male"
        },
      "value" : "3203846"
    }
  ]
]